day,count,pct
231,2,10.526315789473683
235,2,10.526315789473683
236,2,10.526315789473683
242,2,10.526315789473683
247,2,10.526315789473683
230,1,5.263157894736842
233,1,5.263157894736842
238,1,5.263157894736842
239,1,5.263157894736842
240,1,5.263157894736842
241,1,5.263157894736842
243,1,5.263157894736842
246,1,5.263157894736842
248,1,5.263157894736842
